Ordnung,delta_s[pixel],d_s[pixel],d_lambda[pm]
1,500+-5,117+-5,3.15339+-0.13840
2,420+-5,84+-5,2.69520+-0.16361
3,370+-5,79+-5,2.87731+-0.18621
4,340+-5,77+-5,3.05192+-0.20320
5,318+-5,68+-5,2.88166+-0.21668
6,291+-5,63+-5,2.91749+-0.23691
7,273+-5,61+-5,3.01112+-0.25290
8,260+-5,56+-5,2.90253+-0.26510
9,244+-5,53+-5,2.92717+-0.28259
10,223+-5,47+-5,2.84024+-0.30879
11,217+-5,42+-5,2.60826+-0.31627
