Ordnung,delta_s[pixel],d_s[pixel],d_lambda[pm]
1,506+-5,243+-5,6.47168+-0.14772
2,421+-5,202+-5,6.46592+-0.17752
3,377+-5,179+-5,6.39842+-0.19785
4,330+-5,156+-5,6.37048+-0.22585
5,317+-5,145+-5,6.16411+-0.23374
6,288+-5,129+-5,6.03613+-0.25636
7,271+-5,127+-5,6.31533+-0.27458
8,258+-5,117+-5,6.11121+-0.28676
9,245+-5,114+-5,6.27047+-0.30334
10,225+-5,104+-5,6.22891+-0.32991
11,220+-5,100+-5,6.12546+-0.33643
