{
    "Magnet": {
        "a": "87.95455",
        "b": "12.52273",
        "a_err": "0.91214",
        "b_err": "2.69815"
    },
    "rot": {
        "delta_lambda_D[pm]": 48.91255947496778,
        "d_lambda_mean[pm]": 9.328844296802107,
        "d_lambda_mean_err[pm]": 0.026448355608028735
    },
    "blau_pi": {
        "delta_lambda_D[pm]": 26.95202092890512,
        "d_lambda_mean[pm]": 2.8969344138543067,
        "d_lambda_mean_err[pm]": 0.017498460912817378
    },
    "blau_sigma": {
        "delta_lambda_D[pm]": 26.95202092890512,
        "d_lambda_mean[pm]": 6.2689203002249485,
        "d_lambda_mean_err[pm]": 0.018572207826409396
    }
}