{
    "Magnet": {
        "a": "-2.33333",
        "b": "99.62121",
        "a_err": "0.40321",
        "b_err": "2.09318",
        "c": "3.77273",
        "c_err": "2.24948"
    },
    "rot": {
        "delta_lambda_D[pm]": 48.91255947496778,
        "d_lambda_mean[pm]": 9.328844296802107,
        "d_lambda_mean_err[pm]": 0.13095630704607797,
        "g": 1.0869182023724493,
        "g_err": 0.015257923643570707,
        "B[T]": 0.4435455300000001,
        "B_err[T]": 2.5514701644346154e-07
    },
    "blau_pi": {
        "delta_lambda_D[pm]": 26.95202092890512,
        "d_lambda_mean[pm]": 2.8969344138543076,
        "d_lambda_mean_err[pm]": 0.07241005754458171,
        "g": 0.6071935509145642,
        "g_err": 0.015177050527550221,
        "B[T]": 0.4435455300000001,
        "B_err[T]": 2.5514701644346154e-07
    },
    "blau_sigma": {
        "delta_lambda_D[pm]": 26.95202092890512,
        "d_lambda_mean[pm]": 6.2689203002249485,
        "d_lambda_mean_err[pm]": 0.0779649198030304,
        "g": 1.929474493834926,
        "g_err": 0.023996368917515252,
        "B[T]": 0.30205108539200004,
        "B_err[T]": 1.103164565058179e-07
    }
}